scene,SSIM,PSNR,LPIPS,AVG
flower,0.6482073068618774,20.574953079223633,0.23345863819122314,0.23345863819122314
trex,0.7435822486877441,20.0958251953125,0.20509842038154602,0.20509842038154602
fortress,0.7977624535560608,24.5768985748291,0.14019069075584412,0.14019069075584412
fern,0.688957154750824,21.01776123046875,0.21515731513500214,0.21515731513500214
horns,0.6707420349121094,18.650775909423828,0.25196248292922974,0.25196248292922974
leaves,0.6101630926132202,16.52360725402832,0.23296305537223816,0.23296305537223816
orchids,0.5132092237472534,15.809635162353516,0.2514924705028534,0.2514924705028534
room,0.8256821632385254,21.214982986450195,0.18873989582061768,0.18873989582061768
